fold,alpha_star,epsilon,baseline_mean_agg,eligible_alphas
0,0.1,0.5986679276997062,92.23988720913898,0.0;0.1;0.2;0.3;0.4;0.5;0.6;0.7;0.8
1,0.6,0.3368270030417392,92.2593971832686,0.0;0.1;0.2;0.3;0.4;0.5;0.6;0.7;0.8
2,0.5,0.6038430732725779,91.67981237345417,0.0;0.1;0.2;0.3;0.4;0.5;0.6;0.7;0.8
3,0.3,0.5406406427157103,91.3113485814629,0.0;0.1;0.2;0.3;0.4;0.5;0.6;0.7;0.8
4,0.5,0.25978018400343134,91.17969010712723,0.0;0.1;0.2;0.3;0.4;0.5;0.6;0.7;0.8
