arm_a,arm_b,metric,mean_diff,ci95_low,ci95_high,t_stat,p_value,n_folds
cascade,selfcheckgpt,aggregate AUC-PR,0.04438959831642819,-0.18837110491488093,0.27715030154773734,0.4735933975028599,0.6604804311012384,5
cascade,selfcheckgpt,subgroup recall@0.5,19.997806870147294,13.458719010700435,26.536894729594152,7.594501669776985,0.0016126918242578391,5
cascade,bs_graph,aggregate AUC-PR,0.5134803845026312,0.025259026373464555,1.001701742631798,2.6118075197032407,0.059307254401329924,5
cascade,bs_graph,subgroup recall@0.5,54.57456282737885,47.193226121877586,61.95589953288011,18.360704187891116,5.176711086224204e-05,5
