fold,alpha_star,epsilon,baseline_mean_agg,eligible_alphas
0,0.1,0.5044078271701363,92.57415637981107,0.0;0.1;0.2;0.3;0.4;0.5;0.6;0.7;0.8
1,0.3,0.15525600648186996,92.60984337745286,0.0;0.1;0.2;0.3;0.4;0.5;0.6;0.7;0.8
2,0.5,0.5667742724448722,91.85292467784407,0.0;0.1;0.2;0.3;0.4;0.5;0.6;0.7;0.8
3,0.5,0.590033121192608,91.6657580921185,0.0;0.1;0.2;0.3;0.4;0.5;0.6;0.7;0.8
4,0.5,0.2666149304823813,91.36255197242532,0.0;0.1;0.2;0.3;0.4;0.5;0.6;0.7;0.8
