arm_a,arm_b,metric,mean_diff,ci95_low,ci95_high,t_stat,p_value,n_folds
cascade,selfcheckgpt,aggregate AUC-PR,0.06657673784472991,-0.14630868714866901,0.2794621628381288,0.7766237496269598,0.48074634747909956,5
cascade,selfcheckgpt,subgroup recall@0.5,19.662016534356958,11.784637514079787,27.53939555463413,6.198411425920995,0.003445028370109133,5
cascade,bs_graph,aggregate AUC-PR,0.21510676436862183,-0.21343563205456975,0.6436491607918134,1.2465059574776005,0.28059101836287764,5
cascade,bs_graph,subgroup recall@0.5,52.3154050788594,42.22045615911318,62.410353998605615,12.869437092604747,0.00021019912261548612,5
